{"_runtime":51.030393198,"_step":5000,"episode_reward":-0.17257493808383292,"avg_reward_10":-0.09377799960039293,"episode_length":500,"episode":10,"_timestamp":1.7654695819533362e+09,"_wandb":{"runtime":51}}