{
  "train_loss": [
    5.592490057468415,
    3.1780891653299332,
    2.5056406093835832,
    2.2717165163755415,
    2.0252623937129974,
    2.0119917887449263,
    1.7594786311388015,
    1.8496427745819093,
    1.8507504861354829,
    1.8353365277051925,
    1.6502939373254777,
    1.6554424217939376,
    1.6845144420862197,
    1.7832475403547288,
    1.6544431072473527,
    1.638981674194336,
    1.7023726794719696,
    1.63675058811903,
    1.6480978230237961,
    1.7234541473388671,
    1.6280740860700607,
    1.4947554884552956,
    1.498689524590969,
    1.5411376632452012,
    1.6413340779542922,
    1.590327041208744,
    1.5513216127753258,
    1.4267224508523941,
    1.5338188295364379,
    1.5285027839541436,
    1.447058017194271,
    1.51449068659544,
    1.507419046163559,
    1.5915038903355598,
    1.4985485367774964,
    1.4598832114338876,
    1.522898113965988,
    1.5777776052951813,
    1.435976461291313,
    1.3453301503062247
  ],
  "val_loss": [
    3.895140429035871,
    2.911943458858594,
    2.545924578756547,
    2.420590455771217,
    2.3546242721174986,
    2.238033787095438,
    2.1534860007306365,
    2.087467537100192,
    2.015965020402949,
    1.9516383971124434,
    2.4141686571405288,
    2.0443540365862627,
    1.9645219599222339,
    1.894738688657349,
    1.9997471205006978,
    1.8855500656058362,
    1.9075673401899251,
    1.9201619534506986,
    1.8444502292070708,
    1.9176921525624748,
    1.8827879465097352,
    1.9591356062961567,
    1.8533808844430106,
    1.964051707537341,
    1.8459786289006381,
    1.8672732767000748,
    1.8598628471687573,
    1.8709616534253384,
    1.8052562522308442,
    1.8227734558488098,
    1.930795555056772,
    1.7266770818675543,
    1.8572578948319503,
    1.9919224647765463,
    1.835628562060533,
    1.9436566170225753,
    1.706504936276236,
    1.758987726773897,
    2.0502766258448455,
    1.8928905710985595
  ],
  "learning_rate": [
    0.0003,
    0.00029969180891255043,
    0.0002987685020734869,
    0.0002972338735486598,
    0.0002950942294558544,
    0.0002923583620516003,
    0.0002890375136019032,
    0.0002851453301853628,
    0.00028069780561850837,
    0.000275713215733776,
    0.0002702120432801935,
    0.0002642168937553701,
    0.0002577524025146591,
    0.00025084513353919747,
    0.00024352347027881003,
    0.00023581749901832542,
    0.00022775888524657878,
    0.0002193807435361253,
    0.00021071750146835905,
    0.00020180475816319613,
    0.00019267913799465484,
    0.00018337814009344714,
    0.00017393998425500686,
    0.00016440345388615225,
    0.0001548077366357483,
    0.0001451922633642517,
    0.00013559654611384773,
    0.00012606001574499314,
    0.00011662185990655284,
    0.00010732086200534514,
    9.819524183680387e-05,
    8.928249853164091e-05,
    8.061925646387474e-05,
    7.224111475342123e-05,
    6.418250098167458e-05,
    5.6476529721189974e-05,
    4.9154866460802464e-05,
    4.224759748534087e-05,
    3.578310624462983e-05,
    2.978795671980652e-05
  ]
}