{"step":12300,"_timestamp":1.7655301291639757e+09,"alpha":0.05704861238598823,"entropy":4.0157188177108765,"_runtime":1321.016785765,"epoch":0,"critic_loss":0.22204343598335982,"_step":12300,"_wandb":{"runtime":1321},"actor_loss":-15.577509832382201}